{"nm":"Radio_02","ddd":0,"h":512,"w":512,"meta":{"g":"@lottiefiles/toolkit-js 0.26.1"},"layers":[{"ty":4,"nm":"Avatar \"Border\"","sr":1,"st":0,"op":900.000036657751,"ip":0,"hd":false,"ddd":0,"bm":0,"hasMask":false,"ao":0,"ks":{"a":{"a":0,"k":[5.276,-20.351,0],"ix":1},"s":{"a":0,"k":[71.691,73.515,100],"ix":6},"sk":{"a":0,"k":0},"p":{"a":0,"k":[255.5,260.5,0],"ix":2},"r":{"a":1,"k":[{"o":{"x":0.167,"y":0.167},"i":{"x":0.833,"y":0.833},"s":[360],"t":0},{"s":[0],"t":150.000006109625}],"ix":10},"sa":{"a":0,"k":0},"o":{"a":0,"k":25,"ix":11}},"ef":[],"shapes":[{"ty":"gr","bm":0,"hd":false,"mn":"ADBE Vector Group","nm":"Ellipse 1","ix":1,"cix":2,"np":3,"it":[{"ty":"el","bm":0,"hd":false,"mn":"ADBE Vector Shape - Ellipse","nm":"Ellipse Path 1","d":1,"p":{"a":0,"k":[0,0],"ix":3},"s":{"a":0,"k":[372.297,372.297],"ix":2}},{"ty":"st","bm":0,"hd":false,"mn":"ADBE Vector Graphic - Stroke","nm":"Stroke 1","lc":1,"lj":1,"ml":4,"o":{"a":0,"k":100,"ix":4},"w":{"a":0,"k":1,"ix":5},"c":{"a":0,"k":[0.9216,0.902,0.851],"ix":3}},{"ty":"tr","a":{"a":0,"k":[0,0],"ix":1},"s":{"a":0,"k":[98.364,100],"ix":3},"sk":{"a":0,"k":0,"ix":4},"p":{"a":0,"k":[6.148,-23.852],"ix":2},"r":{"a":0,"k":0,"ix":6},"sa":{"a":0,"k":0,"ix":5},"o":{"a":0,"k":100,"ix":7}}]}],"ind":1},{"ty":4,"nm":"Line Waves (2)","sr":1,"st":0,"op":900.000036657751,"ip":0,"hd":false,"ddd":0,"bm":0,"hasMask":false,"ao":0,"ks":{"a":{"a":0,"k":[0,0,0],"ix":1},"s":{"a":0,"k":[100,100,100],"ix":6},"sk":{"a":0,"k":0},"p":{"a":0,"k":[256,256,0],"ix":2},"r":{"a":0,"k":25,"ix":10},"sa":{"a":0,"k":0},"o":{"a":0,"k":100,"ix":11}},"ef":[],"shapes":[{"ty":"gr","bm":0,"hd":false,"mn":"ADBE Vector Group","nm":"Shape 1","ix":1,"cix":2,"np":2,"it":[{"ty":"sh","bm":0,"hd":false,"mn":"ADBE Vector Shape - Group","nm":"Path 1","ix":1,"d":1,"ks":{"a":1,"k":[{"o":{"x":0.333,"y":0},"i":{"x":0.667,"y":1},"s":[{"c":true,"i":[[-1.078,-86.476],[-75.465,41.182],[13.381,71.523],[84.867,3.727]],"o":[[0.979,78.53],[68,-37.108],[-13.381,-71.523],[-84.867,-3.727]],"v":[[-181.063,-12.047],[74.992,189.061],[156.479,-8.047],[-15.008,-168.25]]}],"t":0},{"o":{"x":0.333,"y":0},"i":{"x":0.667,"y":1},"s":[{"c":true,"i":[[-14.796,-95.43],[-84.851,45.462],[-18.338,80.571],[77.53,23.431]],"o":[[19.823,127.848],[79.279,-42.476],[18.219,-80.048],[-76.852,-23.227]],"v":[[-127.063,-6.047],[54.992,151.061],[152.478,31.953],[-1.008,-172.25]]}],"t":75},{"s":[{"c":true,"i":[[-1.078,-86.476],[-75.465,41.182],[13.381,71.523],[84.867,3.727]],"o":[[0.979,78.53],[68,-37.108],[-13.381,-71.523],[-84.867,-3.727]],"v":[[-181.063,-12.047],[74.992,189.061],[156.479,-8.047],[-15.008,-168.25]]}],"t":150.000006109625}],"ix":2}},{"ty":"st","bm":0,"hd":false,"mn":"ADBE Vector Graphic - Stroke","nm":"Stroke 1","lc":2,"lj":2,"ml":1,"o":{"a":0,"k":25,"ix":4},"w":{"a":0,"k":1,"ix":5},"c":{"a":0,"k":[0.9216,0.902,0.851],"ix":3}},{"ty":"tr","a":{"a":0,"k":[0,0],"ix":1},"s":{"a":0,"k":[100,100],"ix":3},"sk":{"a":0,"k":0,"ix":4},"p":{"a":0,"k":[2.141,0.523],"ix":2},"r":{"a":1,"k":[{"o":{"x":0.167,"y":0.167},"i":{"x":0.833,"y":0.833},"s":[0],"t":0},{"s":[360],"t":150.000006109625}],"ix":6},"sa":{"a":0,"k":0,"ix":5},"o":{"a":0,"k":100,"ix":7}}]}],"ind":2},{"ty":4,"nm":"Line Waves (1)","sr":1,"st":0,"op":900.000036657751,"ip":0,"hd":false,"ddd":0,"bm":0,"hasMask":false,"ao":0,"ks":{"a":{"a":0,"k":[0,0,0],"ix":1},"s":{"a":0,"k":[100,100,100],"ix":6},"sk":{"a":0,"k":0},"p":{"a":0,"k":[256,256,0],"ix":2},"r":{"a":0,"k":-25,"ix":10},"sa":{"a":0,"k":0},"o":{"a":0,"k":75,"ix":11}},"ef":[],"shapes":[{"ty":"gr","bm":0,"hd":false,"mn":"ADBE Vector Group","nm":"Shape 1","ix":1,"cix":2,"np":2,"it":[{"ty":"sh","bm":0,"hd":false,"mn":"ADBE Vector Shape - Group","nm":"Path 1","ix":1,"d":1,"ks":{"a":1,"k":[{"o":{"x":0.333,"y":0},"i":{"x":0.667,"y":1},"s":[{"c":true,"i":[[-5.945,-104],[-75.465,41.182],[-15.486,58],[72.839,11.506]],"o":[[5.945,104],[68,-37.108],[15.486,-58],[-100,-15.797]],"v":[[-169.063,25.953],[60.992,177.061],[170.479,35.953],[52.992,-160.25]]}],"t":-0.368},{"o":{"x":0.333,"y":0},"i":{"x":0.667,"y":1},"s":[{"c":true,"i":[[-14.796,-95.43],[-80.851,53.462],[-18.338,80.571],[77.53,23.431]],"o":[[19.823,127.848],[75.023,-49.608],[18.219,-80.048],[-76.852,-23.227]],"v":[[-141.063,5.953],[38.992,123.061],[168.478,31.953],[34.992,-152.25]]}],"t":75},{"s":[{"c":true,"i":[[-5.945,-104],[-75.465,41.182],[-15.486,58],[72.839,11.506]],"o":[[5.945,104],[68,-37.108],[15.486,-58],[-100,-15.797]],"v":[[-169.063,25.953],[60.992,177.061],[170.479,35.953],[52.992,-160.25]]}],"t":149.632506094657}],"ix":2}},{"ty":"st","bm":0,"hd":false,"mn":"ADBE Vector Graphic - Stroke","nm":"Stroke 1","lc":1,"lj":1,"ml":3,"o":{"a":0,"k":25,"ix":4},"w":{"a":0,"k":1,"ix":5},"c":{"a":0,"k":[0.9216,0.902,0.851],"ix":3}},{"ty":"tr","a":{"a":0,"k":[0,0],"ix":1},"s":{"a":0,"k":[100,100],"ix":3},"sk":{"a":0,"k":0,"ix":4},"p":{"a":0,"k":[2.141,0.523],"ix":2},"r":{"a":1,"k":[{"o":{"x":0.167,"y":0.167},"i":{"x":0.833,"y":0.833},"s":[0],"t":0},{"s":[-360],"t":150.000006109625}],"ix":6},"sa":{"a":0,"k":0,"ix":5},"o":{"a":0,"k":100,"ix":7}}]}],"ind":3},{"ty":4,"nm":"Waves (3)","sr":1,"st":0,"op":900.000036657751,"ip":0,"hd":false,"ddd":0,"bm":0,"hasMask":false,"ao":0,"ks":{"a":{"a":0,"k":[0,0,0],"ix":1},"s":{"a":0,"k":[100,100,100],"ix":6},"sk":{"a":0,"k":0},"p":{"a":0,"k":[256,256,0],"ix":2},"r":{"a":0,"k":0,"ix":10},"sa":{"a":0,"k":0},"o":{"a":0,"k":50,"ix":11}},"ef":[],"shapes":[{"ty":"gr","bm":0,"hd":false,"mn":"ADBE Vector Group","nm":"Shape 1","ix":1,"cix":2,"np":3,"it":[{"ty":"sh","bm":0,"hd":false,"mn":"ADBE Vector Shape - Group","nm":"Path 1","ix":1,"d":1,"ks":{"a":1,"k":[{"o":{"x":0.333,"y":0},"i":{"x":0.667,"y":1},"s":[{"c":true,"i":[[-11.078,-132.477],[-75.465,41.182],[15.381,101.523],[114.867,-10.273]],"o":[[11.078,132.477],[68,-37.108],[-15.381,-101.523],[-114.867,10.273]],"v":[[-193.063,37.953],[76.992,173.061],[182.479,-38.047],[-29.008,-180.25]]}],"t":0},{"o":{"x":0.333,"y":0},"i":{"x":0.667,"y":1},"s":[{"c":true,"i":[[-14.796,-95.43],[-84.851,45.462],[-18.338,80.571],[77.53,23.431]],"o":[[19.823,127.848],[79.279,-42.476],[18.219,-80.048],[-76.852,-23.227]],"v":[[-127.063,-6.047],[54.992,151.061],[152.478,31.953],[-1.008,-172.25]]}],"t":75},{"s":[{"c":true,"i":[[-11.078,-132.477],[-75.465,41.182],[15.381,101.523],[114.867,-10.273]],"o":[[11.078,132.477],[68,-37.108],[-15.381,-101.523],[-114.867,10.273]],"v":[[-193.063,37.953],[76.992,173.061],[182.479,-38.047],[-29.008,-180.25]]}],"t":150.000006109625}],"ix":2}},{"ty":"st","bm":0,"hd":false,"mn":"ADBE Vector Graphic - Stroke","nm":"Stroke 1","lc":1,"lj":1,"ml":4,"o":{"a":0,"k":100,"ix":4},"w":{"a":0,"k":1,"ix":5},"c":{"a":0,"k":[0.9216,0.902,0.851],"ix":3}},{"ty":"tr","a":{"a":0,"k":[0,0],"ix":1},"s":{"a":0,"k":[100,100],"ix":3},"sk":{"a":0,"k":0,"ix":4},"p":{"a":0,"k":[2.141,0.523],"ix":2},"r":{"a":1,"k":[{"o":{"x":0.167,"y":0.167},"i":{"x":0.833,"y":0.833},"s":[0],"t":0},{"s":[720],"t":150.000006109625}],"ix":6},"sa":{"a":0,"k":0,"ix":5},"o":{"a":0,"k":100,"ix":7}}]}],"ind":4},{"ty":4,"nm":"Waves (2)","sr":1,"st":0,"op":900.000036657751,"ip":0,"hd":false,"ddd":0,"bm":0,"hasMask":false,"ao":0,"ks":{"a":{"a":0,"k":[0,0,0],"ix":1},"s":{"a":0,"k":[100,100,100],"ix":6},"sk":{"a":0,"k":0},"p":{"a":0,"k":[256,256,0],"ix":2},"r":{"a":0,"k":0,"ix":10},"sa":{"a":0,"k":0},"o":{"a":0,"k":75,"ix":11}},"ef":[],"shapes":[{"ty":"gr","bm":0,"hd":false,"mn":"ADBE Vector Group","nm":"Shape 1","ix":1,"cix":2,"np":3,"it":[{"ty":"sh","bm":0,"hd":false,"mn":"ADBE Vector Shape - Group","nm":"Path 1","ix":1,"d":1,"ks":{"a":1,"k":[{"o":{"x":0.333,"y":0},"i":{"x":0.667,"y":1},"s":[{"c":true,"i":[[-1.078,-86.476],[-75.465,41.182],[13.381,71.523],[84.867,3.727]],"o":[[0.979,78.53],[68,-37.108],[-13.381,-71.523],[-84.867,-3.727]],"v":[[-181.063,-12.047],[74.992,189.061],[156.479,-8.047],[-15.008,-168.25]]}],"t":0},{"o":{"x":0.333,"y":0},"i":{"x":0.667,"y":1},"s":[{"c":true,"i":[[-14.796,-95.43],[-84.851,45.462],[-18.338,80.571],[77.53,23.431]],"o":[[19.823,127.848],[79.279,-42.476],[18.219,-80.048],[-76.852,-23.227]],"v":[[-127.063,-6.047],[54.992,151.061],[152.478,31.953],[-1.008,-172.25]]}],"t":75},{"s":[{"c":true,"i":[[-1.078,-86.476],[-75.465,41.182],[13.381,71.523],[84.867,3.727]],"o":[[0.979,78.53],[68,-37.108],[-13.381,-71.523],[-84.867,-3.727]],"v":[[-181.063,-12.047],[74.992,189.061],[156.479,-8.047],[-15.008,-168.25]]}],"t":150.000006109625}],"ix":2}},{"ty":"st","bm":0,"hd":false,"mn":"ADBE Vector Graphic - Stroke","nm":"Stroke 1","lc":1,"lj":1,"ml":4,"o":{"a":0,"k":100,"ix":4},"w":{"a":0,"k":1,"ix":5},"c":{"a":0,"k":[0.9216,0.902,0.851],"ix":3}},{"ty":"tr","a":{"a":0,"k":[0,0],"ix":1},"s":{"a":0,"k":[100,100],"ix":3},"sk":{"a":0,"k":0,"ix":4},"p":{"a":0,"k":[2.141,0.523],"ix":2},"r":{"a":1,"k":[{"o":{"x":0.167,"y":0.167},"i":{"x":0.833,"y":0.833},"s":[0],"t":0},{"s":[-360],"t":150.000006109625}],"ix":6},"sa":{"a":0,"k":0,"ix":5},"o":{"a":0,"k":100,"ix":7}}]}],"ind":5},{"ty":4,"nm":"Line Waves (1) 2","sr":1,"st":0,"op":900.000036657751,"ip":0,"hd":false,"ddd":0,"bm":0,"hasMask":false,"ao":0,"ks":{"a":{"a":0,"k":[0,0,0],"ix":1},"s":{"a":0,"k":[100,100,100],"ix":6},"sk":{"a":0,"k":0},"p":{"a":0,"k":[256,256,0],"ix":2},"r":{"a":0,"k":-25,"ix":10},"sa":{"a":0,"k":0},"o":{"a":0,"k":75,"ix":11}},"ef":[],"shapes":[{"ty":"gr","bm":0,"hd":false,"mn":"ADBE Vector Group","nm":"Shape 1","ix":1,"cix":2,"np":2,"it":[{"ty":"sh","bm":0,"hd":false,"mn":"ADBE Vector Shape - Group","nm":"Path 1","ix":1,"d":1,"ks":{"a":1,"k":[{"o":{"x":0.333,"y":0},"i":{"x":0.667,"y":1},"s":[{"c":true,"i":[[-5.945,-104],[-75.465,41.182],[-15.486,58],[72.839,11.506]],"o":[[5.945,104],[68,-37.108],[15.486,-58],[-100,-15.797]],"v":[[-169.063,25.953],[60.992,177.061],[170.479,35.953],[52.992,-160.25]]}],"t":-0.368},{"o":{"x":0.333,"y":0},"i":{"x":0.667,"y":1},"s":[{"c":true,"i":[[-14.796,-95.43],[-80.851,53.462],[-18.338,80.571],[77.53,23.431]],"o":[[19.823,127.848],[75.023,-49.608],[18.219,-80.048],[-76.852,-23.227]],"v":[[-141.063,5.953],[38.992,123.061],[168.478,31.953],[34.992,-152.25]]}],"t":75},{"s":[{"c":true,"i":[[-5.945,-104],[-75.465,41.182],[-15.486,58],[72.839,11.506]],"o":[[5.945,104],[68,-37.108],[15.486,-58],[-100,-15.797]],"v":[[-169.063,25.953],[60.992,177.061],[170.479,35.953],[52.992,-160.25]]}],"t":149.632506094657}],"ix":2}},{"ty":"st","bm":0,"hd":false,"mn":"ADBE Vector Graphic - Stroke","nm":"Stroke 1","lc":1,"lj":1,"ml":3,"o":{"a":0,"k":25,"ix":4},"w":{"a":0,"k":1,"ix":5},"c":{"a":0,"k":[1,1,1],"ix":3}},{"ty":"tr","a":{"a":0,"k":[0,0],"ix":1},"s":{"a":0,"k":[100,100],"ix":3},"sk":{"a":0,"k":0,"ix":4},"p":{"a":0,"k":[2.141,0.523],"ix":2},"r":{"a":1,"k":[{"o":{"x":0.167,"y":0.167},"i":{"x":0.833,"y":0.833},"s":[0],"t":0},{"s":[-360],"t":150.000006109625}],"ix":6},"sa":{"a":0,"k":0,"ix":5},"o":{"a":0,"k":100,"ix":7}}]}],"ind":6},{"ty":4,"nm":"Waves (1)","sr":1,"st":0,"op":900.000036657751,"ip":0,"hd":false,"ddd":0,"bm":0,"hasMask":false,"ao":0,"ks":{"a":{"a":0,"k":[0,0,0],"ix":1},"s":{"a":0,"k":[100,100,100],"ix":6},"sk":{"a":0,"k":0},"p":{"a":0,"k":[256,256,0],"ix":2},"r":{"a":0,"k":0,"ix":10},"sa":{"a":0,"k":0},"o":{"a":0,"k":75,"ix":11}},"ef":[],"shapes":[{"ty":"gr","bm":0,"hd":false,"mn":"ADBE Vector Group","nm":"Shape 1","ix":1,"cix":2,"np":3,"it":[{"ty":"sh","bm":0,"hd":false,"mn":"ADBE Vector Shape - Group","nm":"Path 1","ix":1,"d":1,"ks":{"a":1,"k":[{"o":{"x":0.333,"y":0},"i":{"x":0.667,"y":1},"s":[{"c":true,"i":[[-5.945,-104],[-75.465,41.182],[-15.486,58],[72.839,11.506]],"o":[[5.945,104],[68,-37.108],[15.486,-58],[-100,-15.797]],"v":[[-169.063,25.953],[60.992,177.061],[170.479,35.953],[52.992,-160.25]]}],"t":-0.368},{"o":{"x":0.333,"y":0},"i":{"x":0.667,"y":1},"s":[{"c":true,"i":[[-14.796,-95.43],[-80.851,53.462],[-18.338,80.571],[77.53,23.431]],"o":[[19.823,127.848],[75.023,-49.608],[18.219,-80.048],[-76.852,-23.227]],"v":[[-141.063,5.953],[38.992,123.061],[168.478,31.953],[34.992,-152.25]]}],"t":75},{"s":[{"c":true,"i":[[-5.945,-104],[-75.465,41.182],[-15.486,58],[72.839,11.506]],"o":[[5.945,104],[68,-37.108],[15.486,-58],[-100,-15.797]],"v":[[-169.063,25.953],[60.992,177.061],[170.479,35.953],[52.992,-160.25]]}],"t":149.632506094657}],"ix":2}},{"ty":"st","bm":0,"hd":false,"mn":"ADBE Vector Graphic - Stroke","nm":"Stroke 1","lc":1,"lj":1,"ml":4,"o":{"a":0,"k":100,"ix":4},"w":{"a":0,"k":1,"ix":5},"c":{"a":0,"k":[0.9216,0.902,0.851],"ix":3}},{"ty":"tr","a":{"a":0,"k":[0,0],"ix":1},"s":{"a":0,"k":[100,100],"ix":3},"sk":{"a":0,"k":0,"ix":4},"p":{"a":0,"k":[2.141,0.523],"ix":2},"r":{"a":1,"k":[{"o":{"x":0.167,"y":0.167},"i":{"x":0.833,"y":0.833},"s":[0],"t":0},{"s":[360],"t":150.000006109625}],"ix":6},"sa":{"a":0,"k":0,"ix":5},"o":{"a":0,"k":100,"ix":7}}]}],"ind":7},{"ty":4,"nm":"Layer 3/lottie_radio Outlines","sr":1,"st":0,"op":900.000036657751,"ip":0,"hd":false,"ddd":0,"bm":0,"hasMask":false,"ao":0,"ks":{"a":{"a":0,"k":[170.5,181.5,0],"ix":1},"s":{"a":0,"k":[100,100,100],"ix":6},"sk":{"a":0,"k":0},"p":{"a":0,"k":[256,256,0],"ix":2},"r":{"a":0,"k":0,"ix":10},"sa":{"a":0,"k":0},"o":{"a":0,"k":100,"ix":11}},"ef":[],"shapes":[{"ty":"gr","bm":0,"hd":false,"mn":"ADBE Vector Group","nm":"Group 1","ix":1,"cix":2,"np":2,"it":[{"ty":"sh","bm":0,"hd":false,"mn":"ADBE Vector Shape - Group","nm":"Path 1","ix":1,"d":1,"ks":{"a":0,"k":{"c":true,"i":[[-1.104,0],[0,-1.104],[1.104,0],[0,1.104]],"o":[[1.104,0],[0,1.104],[-1.104,0],[0,-1.104]],"v":[[0,-2],[2,0],[0,2],[-2,0]]},"ix":2}},{"ty":"fl","bm":0,"hd":false,"mn":"ADBE Vector Graphic - Fill","nm":"Fill 1","c":{"a":0,"k":[1,1,1],"ix":4},"r":1,"o":{"a":0,"k":100,"ix":5}},{"ty":"tr","a":{"a":0,"k":[0,0],"ix":1},"s":{"a":0,"k":[100,100],"ix":3},"sk":{"a":0,"k":0,"ix":4},"p":{"a":0,"k":[331.25,270.25],"ix":2},"r":{"a":0,"k":0,"ix":6},"sa":{"a":0,"k":0,"ix":5},"o":{"a":1,"k":[{"o":{"x":0.333,"y":0},"i":{"x":0.667,"y":1},"s":[100],"t":0},{"o":{"x":0.333,"y":0},"i":{"x":0.667,"y":1},"s":[0],"t":18},{"o":{"x":0.333,"y":0},"i":{"x":0.667,"y":1},"s":[100],"t":46},{"o":{"x":0.333,"y":0},"i":{"x":0.667,"y":1},"s":[0],"t":80},{"o":{"x":0.333,"y":0},"i":{"x":0.667,"y":1},"s":[100],"t":113},{"s":[0],"t":149.000006068894}],"ix":7}}]},{"ty":"gr","bm":0,"hd":false,"mn":"ADBE Vector Group","nm":"Group 2","ix":2,"cix":2,"np":2,"it":[{"ty":"sh","bm":0,"hd":false,"mn":"ADBE Vector Shape - Group","nm":"Path 1","ix":1,"d":1,"ks":{"a":0,"k":{"c":true,"i":[[-1.381,0],[0,-1.381],[1.381,0],[0,1.381]],"o":[[1.381,0],[0,1.381],[-1.381,0],[0,-1.381]],"v":[[0,-2.5],[2.5,0],[0,2.5],[-2.5,0]]},"ix":2}},{"ty":"fl","bm":0,"hd":false,"mn":"ADBE Vector Graphic - Fill","nm":"Fill 1","c":{"a":0,"k":[1,1,1],"ix":4},"r":1,"o":{"a":0,"k":100,"ix":5}},{"ty":"tr","a":{"a":0,"k":[0,0],"ix":1},"s":{"a":0,"k":[100,100],"ix":3},"sk":{"a":0,"k":0,"ix":4},"p":{"a":0,"k":[55.75,143.75],"ix":2},"r":{"a":0,"k":0,"ix":6},"sa":{"a":0,"k":0,"ix":5},"o":{"a":1,"k":[{"o":{"x":0.333,"y":0},"i":{"x":0.667,"y":1},"s":[100],"t":9},{"o":{"x":0.333,"y":0},"i":{"x":0.667,"y":1},"s":[0],"t":27},{"o":{"x":0.333,"y":0},"i":{"x":0.667,"y":1},"s":[100],"t":55},{"o":{"x":0.333,"y":0},"i":{"x":0.667,"y":1},"s":[0],"t":89},{"o":{"x":0.333,"y":0},"i":{"x":0.667,"y":1},"s":[100],"t":122},{"s":[0],"t":144.00000586524}],"ix":7}}]},{"ty":"gr","bm":0,"hd":false,"mn":"ADBE Vector Group","nm":"Group 3","ix":3,"cix":2,"np":2,"it":[{"ty":"sh","bm":0,"hd":false,"mn":"ADBE Vector Shape - Group","nm":"Path 1","ix":1,"d":1,"ks":{"a":0,"k":{"c":true,"i":[[-1.381,0],[0,-1.381],[1.381,0],[0,1.381]],"o":[[1.381,0],[0,1.381],[-1.381,0],[0,-1.381]],"v":[[0,-2.5],[2.5,0],[0,2.5],[-2.5,0]]},"ix":2}},{"ty":"fl","bm":0,"hd":false,"mn":"ADBE Vector Graphic - Fill","nm":"Fill 1","c":{"a":0,"k":[1,1,1],"ix":4},"r":1,"o":{"a":0,"k":100,"ix":5}},{"ty":"tr","a":{"a":0,"k":[0,0],"ix":1},"s":{"a":0,"k":[100,100],"ix":3},"sk":{"a":0,"k":0,"ix":4},"p":{"a":0,"k":[101.75,2.75],"ix":2},"r":{"a":0,"k":0,"ix":6},"sa":{"a":0,"k":0,"ix":5},"o":{"a":1,"k":[{"o":{"x":0.333,"y":0},"i":{"x":0.667,"y":1},"s":[100],"t":5},{"o":{"x":0.333,"y":0},"i":{"x":0.667,"y":1},"s":[0],"t":23},{"o":{"x":0.333,"y":0},"i":{"x":0.667,"y":1},"s":[100],"t":51},{"o":{"x":0.333,"y":0},"i":{"x":0.667,"y":1},"s":[0],"t":85},{"o":{"x":0.333,"y":0},"i":{"x":0.667,"y":1},"s":[100],"t":118},{"s":[0],"t":152.000006191087}],"ix":7}}]},{"ty":"gr","bm":0,"hd":false,"mn":"ADBE Vector Group","nm":"Group 4","ix":4,"cix":2,"np":2,"it":[{"ty":"sh","bm":0,"hd":false,"mn":"ADBE Vector Shape - Group","nm":"Path 1","ix":1,"d":1,"ks":{"a":0,"k":{"c":true,"i":[[-1.381,0],[0,-1.381],[1.381,0],[0,1.381]],"o":[[1.381,0],[0,1.381],[-1.381,0],[0,-1.381]],"v":[[0,-2.5],[2.5,0],[0,2.5],[-2.5,0]]},"ix":2}},{"ty":"fl","bm":0,"hd":false,"mn":"ADBE Vector Graphic - Fill","nm":"Fill 1","c":{"a":0,"k":[1,1,1],"ix":4},"r":1,"o":{"a":0,"k":100,"ix":5}},{"ty":"tr","a":{"a":0,"k":[0,0],"ix":1},"s":{"a":0,"k":[100,100],"ix":3},"sk":{"a":0,"k":0,"ix":4},"p":{"a":0,"k":[72.75,68.75],"ix":2},"r":{"a":0,"k":0,"ix":6},"sa":{"a":0,"k":0,"ix":5},"o":{"a":1,"k":[{"o":{"x":0.333,"y":0},"i":{"x":0.667,"y":1},"s":[100],"t":30},{"o":{"x":0.333,"y":0},"i":{"x":0.667,"y":1},"s":[0],"t":48},{"o":{"x":0.333,"y":0},"i":{"x":0.667,"y":1},"s":[100],"t":76},{"o":{"x":0.333,"y":0},"i":{"x":0.667,"y":1},"s":[0],"t":110},{"o":{"x":0.333,"y":0},"i":{"x":0.667,"y":1},"s":[100],"t":143},{"s":[89],"t":153.000006231818}],"ix":7}}]},{"ty":"gr","bm":0,"hd":false,"mn":"ADBE Vector Group","nm":"Group 5","ix":5,"cix":2,"np":2,"it":[{"ty":"sh","bm":0,"hd":false,"mn":"ADBE Vector Shape - Group","nm":"Path 1","ix":1,"d":1,"ks":{"a":0,"k":{"c":true,"i":[[-1.381,0],[0,-1.381],[1.381,0],[0,1.381]],"o":[[1.381,0],[0,1.381],[-1.381,0],[0,-1.381]],"v":[[0,-2.5],[2.5,0],[0,2.5],[-2.5,0]]},"ix":2}},{"ty":"fl","bm":0,"hd":false,"mn":"ADBE Vector Graphic - Fill","nm":"Fill 1","c":{"a":0,"k":[1,1,1],"ix":4},"r":1,"o":{"a":0,"k":100,"ix":5}},{"ty":"tr","a":{"a":0,"k":[0,0],"ix":1},"s":{"a":0,"k":[100,100],"ix":3},"sk":{"a":0,"k":0,"ix":4},"p":{"a":0,"k":[165.75,33.75],"ix":2},"r":{"a":0,"k":0,"ix":6},"sa":{"a":0,"k":0,"ix":5},"o":{"a":1,"k":[{"o":{"x":0.333,"y":0},"i":{"x":0.667,"y":1},"s":[100],"t":2},{"o":{"x":0.333,"y":0},"i":{"x":0.667,"y":1},"s":[0],"t":20},{"o":{"x":0.333,"y":0},"i":{"x":0.667,"y":1},"s":[100],"t":48},{"o":{"x":0.333,"y":0},"i":{"x":0.667,"y":1},"s":[0],"t":82},{"o":{"x":0.333,"y":0},"i":{"x":0.667,"y":1},"s":[100],"t":115},{"s":[85],"t":151.000006150356}],"ix":7}}]},{"ty":"gr","bm":0,"hd":false,"mn":"ADBE Vector Group","nm":"Group 6","ix":6,"cix":2,"np":2,"it":[{"ty":"sh","bm":0,"hd":false,"mn":"ADBE Vector Shape - Group","nm":"Path 1","ix":1,"d":1,"ks":{"a":0,"k":{"c":true,"i":[[-1.381,0],[0,-1.381],[1.381,0],[0,1.381]],"o":[[1.381,0],[0,1.381],[-1.381,0],[0,-1.381]],"v":[[0,-2.5],[2.5,0],[0,2.5],[-2.5,0]]},"ix":2}},{"ty":"fl","bm":0,"hd":false,"mn":"ADBE Vector Graphic - Fill","nm":"Fill 1","c":{"a":0,"k":[1,1,1],"ix":4},"r":1,"o":{"a":0,"k":100,"ix":5}},{"ty":"tr","a":{"a":0,"k":[0,0],"ix":1},"s":{"a":0,"k":[100,100],"ix":3},"sk":{"a":0,"k":0,"ix":4},"p":{"a":0,"k":[282.75,42.75],"ix":2},"r":{"a":0,"k":0,"ix":6},"sa":{"a":0,"k":0,"ix":5},"o":{"a":1,"k":[{"o":{"x":0.333,"y":0},"i":{"x":0.667,"y":1},"s":[100],"t":5},{"o":{"x":0.333,"y":0},"i":{"x":0.667,"y":1},"s":[0],"t":23},{"o":{"x":0.333,"y":0},"i":{"x":0.667,"y":1},"s":[100],"t":51},{"o":{"x":0.333,"y":0},"i":{"x":0.667,"y":1},"s":[0],"t":85},{"o":{"x":0.333,"y":0},"i":{"x":0.667,"y":1},"s":[100],"t":118},{"s":[0],"t":154.000006272549}],"ix":7}}]},{"ty":"gr","bm":0,"hd":false,"mn":"ADBE Vector Group","nm":"Group 7","ix":7,"cix":2,"np":2,"it":[{"ty":"sh","bm":0,"hd":false,"mn":"ADBE Vector Shape - Group","nm":"Path 1","ix":1,"d":1,"ks":{"a":0,"k":{"c":true,"i":[[-1.381,0],[0,-1.381],[1.381,0],[0,1.381]],"o":[[1.381,0],[0,1.381],[-1.381,0],[0,-1.381]],"v":[[0,-2.5],[2.5,0],[0,2.5],[-2.5,0]]},"ix":2}},{"ty":"fl","bm":0,"hd":false,"mn":"ADBE Vector Graphic - Fill","nm":"Fill 1","c":{"a":0,"k":[1,1,1],"ix":4},"r":1,"o":{"a":0,"k":100,"ix":5}},{"ty":"tr","a":{"a":0,"k":[0,0],"ix":1},"s":{"a":0,"k":[100,100],"ix":3},"sk":{"a":0,"k":0,"ix":4},"p":{"a":0,"k":[295.75,99.75],"ix":2},"r":{"a":0,"k":0,"ix":6},"sa":{"a":0,"k":0,"ix":5},"o":{"a":1,"k":[{"o":{"x":0.333,"y":0},"i":{"x":0.667,"y":1},"s":[100],"t":14},{"o":{"x":0.333,"y":0},"i":{"x":0.667,"y":1},"s":[0],"t":32},{"o":{"x":0.333,"y":0},"i":{"x":0.667,"y":1},"s":[100],"t":60},{"o":{"x":0.333,"y":0},"i":{"x":0.667,"y":1},"s":[0],"t":94},{"o":{"x":0.333,"y":0},"i":{"x":0.667,"y":1},"s":[100],"t":139},{"s":[0],"t":164.000006679857}],"ix":7}}]},{"ty":"gr","bm":0,"hd":false,"mn":"ADBE Vector Group","nm":"Group 8","ix":8,"cix":2,"np":2,"it":[{"ty":"sh","bm":0,"hd":false,"mn":"ADBE Vector Shape - Group","nm":"Path 1","ix":1,"d":1,"ks":{"a":0,"k":{"c":true,"i":[[-1.381,0],[0,-1.381],[1.381,0],[0,1.381]],"o":[[1.381,0],[0,1.381],[-1.381,0],[0,-1.381]],"v":[[0,-2.5],[2.5,0],[0,2.5],[-2.5,0]]},"ix":2}},{"ty":"fl","bm":0,"hd":false,"mn":"ADBE Vector Graphic - Fill","nm":"Fill 1","c":{"a":0,"k":[1,1,1],"ix":4},"r":1,"o":{"a":0,"k":100,"ix":5}},{"ty":"tr","a":{"a":0,"k":[0,0],"ix":1},"s":{"a":0,"k":[100,100],"ix":3},"sk":{"a":0,"k":0,"ix":4},"p":{"a":0,"k":[337.75,162.75],"ix":2},"r":{"a":0,"k":0,"ix":6},"sa":{"a":0,"k":0,"ix":5},"o":{"a":1,"k":[{"o":{"x":0.333,"y":0},"i":{"x":0.667,"y":1},"s":[100],"t":3},{"o":{"x":0.333,"y":0},"i":{"x":0.667,"y":1},"s":[0],"t":21},{"o":{"x":0.333,"y":0},"i":{"x":0.667,"y":1},"s":[100],"t":42},{"o":{"x":0.333,"y":0},"i":{"x":0.667,"y":1},"s":[100],"t":49},{"o":{"x":0.333,"y":0},"i":{"x":0.667,"y":1},"s":[0],"t":60},{"o":{"x":0.333,"y":0},"i":{"x":0.667,"y":1},"s":[0],"t":83},{"o":{"x":0.333,"y":0},"i":{"x":0.667,"y":1},"s":[100],"t":88},{"o":{"x":0.333,"y":0},"i":{"x":0.667,"y":1},"s":[100],"t":116},{"o":{"x":0.333,"y":0},"i":{"x":0.667,"y":1},"s":[0],"t":122},{"o":{"x":0.333,"y":0},"i":{"x":0.667,"y":1},"s":[0],"t":150},{"o":{"x":0.333,"y":0},"i":{"x":0.667,"y":1},"s":[100],"t":155},{"s":[0],"t":191.000007779589}],"ix":7}}]},{"ty":"gr","bm":0,"hd":false,"mn":"ADBE Vector Group","nm":"Group 9","ix":9,"cix":2,"np":2,"it":[{"ty":"sh","bm":0,"hd":false,"mn":"ADBE Vector Shape - Group","nm":"Path 1","ix":1,"d":1,"ks":{"a":0,"k":{"c":true,"i":[[-1.381,0],[0,-1.381],[1.381,0],[0,1.381]],"o":[[1.381,0],[0,1.381],[-1.381,0],[0,-1.381]],"v":[[0,-2.5],[2.5,0],[0,2.5],[-2.5,0]]},"ix":2}},{"ty":"fl","bm":0,"hd":false,"mn":"ADBE Vector Graphic - Fill","nm":"Fill 1","c":{"a":0,"k":[1,1,1],"ix":4},"r":1,"o":{"a":0,"k":100,"ix":5}},{"ty":"tr","a":{"a":0,"k":[0,0],"ix":1},"s":{"a":0,"k":[100,100],"ix":3},"sk":{"a":0,"k":0,"ix":4},"p":{"a":0,"k":[306.75,223.75],"ix":2},"r":{"a":0,"k":0,"ix":6},"sa":{"a":0,"k":0,"ix":5},"o":{"a":1,"k":[{"o":{"x":0.333,"y":0},"i":{"x":0.667,"y":1},"s":[100],"t":9},{"o":{"x":0.333,"y":0},"i":{"x":0.667,"y":1},"s":[0],"t":27},{"o":{"x":0.333,"y":0},"i":{"x":0.667,"y":1},"s":[100],"t":55},{"o":{"x":0.333,"y":0},"i":{"x":0.667,"y":1},"s":[0],"t":89},{"o":{"x":0.333,"y":0},"i":{"x":0.667,"y":1},"s":[100],"t":122},{"s":[0],"t":163.000006639126}],"ix":7}}]},{"ty":"gr","bm":0,"hd":false,"mn":"ADBE Vector Group","nm":"Group 10","ix":10,"cix":2,"np":2,"it":[{"ty":"sh","bm":0,"hd":false,"mn":"ADBE Vector Shape - Group","nm":"Path 1","ix":1,"d":1,"ks":{"a":0,"k":{"c":true,"i":[[-1.381,0],[0,-1.381],[1.381,0],[0,1.381]],"o":[[1.381,0],[0,1.381],[-1.381,0],[0,-1.381]],"v":[[0,-2.5],[2.5,0],[0,2.5],[-2.5,0]]},"ix":2}},{"ty":"fl","bm":0,"hd":false,"mn":"ADBE Vector Graphic - Fill","nm":"Fill 1","c":{"a":0,"k":[1,1,1],"ix":4},"r":1,"o":{"a":0,"k":100,"ix":5}},{"ty":"tr","a":{"a":0,"k":[0,0],"ix":1},"s":{"a":0,"k":[100,100],"ix":3},"sk":{"a":0,"k":0,"ix":4},"p":{"a":0,"k":[204.75,359.75],"ix":2},"r":{"a":0,"k":0,"ix":6},"sa":{"a":0,"k":0,"ix":5},"o":{"a":1,"k":[{"o":{"x":0.333,"y":0},"i":{"x":0.667,"y":1},"s":[100],"t":37},{"o":{"x":0.333,"y":0},"i":{"x":0.667,"y":1},"s":[0],"t":55},{"o":{"x":0.333,"y":0},"i":{"x":0.667,"y":1},"s":[100],"t":83},{"o":{"x":0.333,"y":0},"i":{"x":0.667,"y":1},"s":[0],"t":117},{"o":{"x":0.333,"y":0},"i":{"x":0.667,"y":1},"s":[100],"t":150},{"s":[0],"t":186.000007575935}],"ix":7}}]},{"ty":"gr","bm":0,"hd":false,"mn":"ADBE Vector Group","nm":"Group 11","ix":11,"cix":2,"np":2,"it":[{"ty":"sh","bm":0,"hd":false,"mn":"ADBE Vector Shape - Group","nm":"Path 1","ix":1,"d":1,"ks":{"a":0,"k":{"c":true,"i":[[-1.381,0],[0,-1.381],[1.381,0],[0,1.381]],"o":[[1.381,0],[0,1.381],[-1.381,0],[0,-1.381]],"v":[[0,-2.5],[2.5,0],[0,2.5],[-2.5,0]]},"ix":2}},{"ty":"fl","bm":0,"hd":false,"mn":"ADBE Vector Graphic - Fill","nm":"Fill 1","c":{"a":0,"k":[1,1,1],"ix":4},"r":1,"o":{"a":0,"k":100,"ix":5}},{"ty":"tr","a":{"a":0,"k":[0,0],"ix":1},"s":{"a":0,"k":[100,100],"ix":3},"sk":{"a":0,"k":0,"ix":4},"p":{"a":0,"k":[245.75,320.75],"ix":2},"r":{"a":0,"k":0,"ix":6},"sa":{"a":0,"k":0,"ix":5},"o":{"a":1,"k":[{"o":{"x":0.333,"y":0},"i":{"x":0.667,"y":1},"s":[100],"t":71},{"o":{"x":0.333,"y":0},"i":{"x":0.667,"y":1},"s":[0],"t":89},{"o":{"x":0.333,"y":0},"i":{"x":0.667,"y":1},"s":[100],"t":131},{"o":{"x":0.333,"y":0},"i":{"x":0.667,"y":1},"s":[0],"t":170},{"o":{"x":0.333,"y":0},"i":{"x":0.667,"y":1},"s":[100],"t":184},{"s":[0],"t":220.000008960784}],"ix":7}}]},{"ty":"gr","bm":0,"hd":false,"mn":"ADBE Vector Group","nm":"Group 12","ix":12,"cix":2,"np":2,"it":[{"ty":"sh","bm":0,"hd":false,"mn":"ADBE Vector Shape - Group","nm":"Path 1","ix":1,"d":1,"ks":{"a":0,"k":{"c":true,"i":[[-1.381,0],[0,-1.381],[1.381,0],[0,1.381]],"o":[[1.381,0],[0,1.381],[-1.381,0],[0,-1.381]],"v":[[0,-2.5],[2.5,0],[0,2.5],[-2.5,0]]},"ix":2}},{"ty":"fl","bm":0,"hd":false,"mn":"ADBE Vector Graphic - Fill","nm":"Fill 1","c":{"a":0,"k":[1,1,1],"ix":4},"r":1,"o":{"a":0,"k":100,"ix":5}},{"ty":"tr","a":{"a":0,"k":[0,0],"ix":1},"s":{"a":0,"k":[100,100],"ix":3},"sk":{"a":0,"k":0,"ix":4},"p":{"a":0,"k":[155.75,326.75],"ix":2},"r":{"a":0,"k":0,"ix":6},"sa":{"a":0,"k":0,"ix":5},"o":{"a":1,"k":[{"o":{"x":0.333,"y":0},"i":{"x":0.667,"y":1},"s":[100],"t":24},{"o":{"x":0.333,"y":0},"i":{"x":0.667,"y":1},"s":[0],"t":42},{"o":{"x":0.333,"y":0},"i":{"x":0.667,"y":1},"s":[100],"t":70},{"o":{"x":0.333,"y":0},"i":{"x":0.667,"y":1},"s":[0],"t":104},{"o":{"x":0.333,"y":0},"i":{"x":0.667,"y":1},"s":[100],"t":137},{"s":[0],"t":173.000007046434}],"ix":7}}]},{"ty":"gr","bm":0,"hd":false,"mn":"ADBE Vector Group","nm":"Group 13","ix":13,"cix":2,"np":2,"it":[{"ty":"sh","bm":0,"hd":false,"mn":"ADBE Vector Shape - Group","nm":"Path 1","ix":1,"d":1,"ks":{"a":0,"k":{"c":true,"i":[[-1.381,0],[0,-1.381],[1.381,0],[0,1.381]],"o":[[1.381,0],[0,1.381],[-1.381,0],[0,-1.381]],"v":[[0,-2.5],[2.5,0],[0,2.5],[-2.5,0]]},"ix":2}},{"ty":"fl","bm":0,"hd":false,"mn":"ADBE Vector Graphic - Fill","nm":"Fill 1","c":{"a":0,"k":[1,1,1],"ix":4},"r":1,"o":{"a":0,"k":100,"ix":5}},{"ty":"tr","a":{"a":0,"k":[0,0],"ix":1},"s":{"a":0,"k":[100,100],"ix":3},"sk":{"a":0,"k":0,"ix":4},"p":{"a":0,"k":[102.75,283.75],"ix":2},"r":{"a":0,"k":0,"ix":6},"sa":{"a":0,"k":0,"ix":5},"o":{"a":1,"k":[{"o":{"x":0.333,"y":0},"i":{"x":0.667,"y":1},"s":[100],"t":5},{"o":{"x":0.333,"y":0},"i":{"x":0.667,"y":1},"s":[0],"t":23},{"o":{"x":0.333,"y":0},"i":{"x":0.667,"y":1},"s":[100],"t":51},{"o":{"x":0.333,"y":0},"i":{"x":0.667,"y":1},"s":[0],"t":85},{"o":{"x":0.333,"y":0},"i":{"x":0.667,"y":1},"s":[100],"t":118},{"s":[0],"t":154.000006272549}],"ix":7}}]},{"ty":"gr","bm":0,"hd":false,"mn":"ADBE Vector Group","nm":"Group 14","ix":14,"cix":2,"np":2,"it":[{"ty":"sh","bm":0,"hd":false,"mn":"ADBE Vector Shape - Group","nm":"Path 1","ix":1,"d":1,"ks":{"a":0,"k":{"c":true,"i":[[-1.381,0],[0,-1.381],[1.381,0],[0,1.381]],"o":[[1.381,0],[0,1.381],[-1.381,0],[0,-1.381]],"v":[[0,-2.5],[2.5,0],[0,2.5],[-2.5,0]]},"ix":2}},{"ty":"fl","bm":0,"hd":false,"mn":"ADBE Vector Graphic - Fill","nm":"Fill 1","c":{"a":0,"k":[1,1,1],"ix":4},"r":1,"o":{"a":0,"k":100,"ix":5}},{"ty":"tr","a":{"a":0,"k":[0,0],"ix":1},"s":{"a":0,"k":[100,100],"ix":3},"sk":{"a":0,"k":0,"ix":4},"p":{"a":0,"k":[41.75,254.75],"ix":2},"r":{"a":0,"k":0,"ix":6},"sa":{"a":0,"k":0,"ix":5},"o":{"a":1,"k":[{"o":{"x":0.333,"y":0},"i":{"x":0.667,"y":1},"s":[100],"t":12},{"o":{"x":0.333,"y":0},"i":{"x":0.667,"y":1},"s":[0],"t":30},{"o":{"x":0.333,"y":0},"i":{"x":0.667,"y":1},"s":[100],"t":58},{"o":{"x":0.333,"y":0},"i":{"x":0.667,"y":1},"s":[0],"t":92},{"o":{"x":0.333,"y":0},"i":{"x":0.667,"y":1},"s":[100],"t":137},{"s":[0],"t":166.000006761319}],"ix":7}}]},{"ty":"gr","bm":0,"hd":false,"mn":"ADBE Vector Group","nm":"Group 15","ix":15,"cix":2,"np":2,"it":[{"ty":"sh","bm":0,"hd":false,"mn":"ADBE Vector Shape - Group","nm":"Path 1","ix":1,"d":1,"ks":{"a":0,"k":{"c":true,"i":[[-1.381,0],[0,-1.381],[1.381,0],[0,1.381]],"o":[[1.381,0],[0,1.381],[-1.381,0],[0,-1.381]],"v":[[0,-2.5],[2.5,0],[0,2.5],[-2.5,0]]},"ix":2}},{"ty":"fl","bm":0,"hd":false,"mn":"ADBE Vector Graphic - Fill","nm":"Fill 1","c":{"a":0,"k":[1,1,1],"ix":4},"r":1,"o":{"a":0,"k":100,"ix":5}},{"ty":"tr","a":{"a":0,"k":[0,0],"ix":1},"s":{"a":0,"k":[100,100],"ix":3},"sk":{"a":0,"k":0,"ix":4},"p":{"a":0,"k":[2.75,223.75],"ix":2},"r":{"a":0,"k":0,"ix":6},"sa":{"a":0,"k":0,"ix":5},"o":{"a":1,"k":[{"o":{"x":0.333,"y":0},"i":{"x":0.667,"y":1},"s":[100],"t":1},{"o":{"x":0.333,"y":0},"i":{"x":0.667,"y":1},"s":[0],"t":19},{"o":{"x":0.333,"y":0},"i":{"x":0.667,"y":1},"s":[100],"t":47},{"o":{"x":0.333,"y":0},"i":{"x":0.667,"y":1},"s":[0],"t":81},{"o":{"x":0.333,"y":0},"i":{"x":0.667,"y":1},"s":[100],"t":114},{"s":[0],"t":150.000006109625}],"ix":7}}]},{"ty":"gr","bm":0,"hd":false,"mn":"ADBE Vector Group","nm":"Group 16","ix":16,"cix":2,"np":2,"it":[{"ty":"sh","bm":0,"hd":false,"mn":"ADBE Vector Shape - Group","nm":"Path 1","ix":1,"d":1,"ks":{"a":0,"k":{"c":true,"i":[[-1.381,0],[0,-1.381],[1.381,0],[0,1.381]],"o":[[1.381,0],[0,1.381],[-1.381,0],[0,-1.381]],"v":[[0,-2.5],[2.5,0],[0,2.5],[-2.5,0]]},"ix":2}},{"ty":"fl","bm":0,"hd":false,"mn":"ADBE Vector Graphic - Fill","nm":"Fill 1","c":{"a":0,"k":[1,1,1],"ix":4},"r":1,"o":{"a":0,"k":100,"ix":5}},{"ty":"tr","a":{"a":0,"k":[0,0],"ix":1},"s":{"a":0,"k":[100,100],"ix":3},"sk":{"a":0,"k":0,"ix":4},"p":{"a":0,"k":[13.75,162.75],"ix":2},"r":{"a":0,"k":0,"ix":6},"sa":{"a":0,"k":0,"ix":5},"o":{"a":1,"k":[{"o":{"x":0.333,"y":0},"i":{"x":0.667,"y":1},"s":[100],"t":7},{"o":{"x":0.333,"y":0},"i":{"x":0.667,"y":1},"s":[0],"t":25},{"o":{"x":0.333,"y":0},"i":{"x":0.667,"y":1},"s":[100],"t":53},{"o":{"x":0.333,"y":0},"i":{"x":0.667,"y":1},"s":[0],"t":87},{"o":{"x":0.333,"y":0},"i":{"x":0.667,"y":1},"s":[100],"t":120},{"s":[0],"t":187.000007616666}],"ix":7}}]},{"ty":"gr","bm":0,"hd":false,"mn":"ADBE Vector Group","nm":"Group 17","ix":17,"cix":2,"np":2,"it":[{"ty":"sh","bm":0,"hd":false,"mn":"ADBE Vector Shape - Group","nm":"Path 1","ix":1,"d":1,"ks":{"a":0,"k":{"c":true,"i":[[-1.381,0],[0,-1.381],[1.381,0],[0,1.381]],"o":[[1.381,0],[0,1.381],[-1.381,0],[0,-1.381]],"v":[[0,-2.5],[2.5,0],[0,2.5],[-2.5,0]]},"ix":2}},{"ty":"fl","bm":0,"hd":false,"mn":"ADBE Vector Graphic - Fill","nm":"Fill 1","c":{"a":0,"k":[1,1,1],"ix":4},"r":1,"o":{"a":0,"k":100,"ix":5}},{"ty":"tr","a":{"a":0,"k":[0,0],"ix":1},"s":{"a":0,"k":[100,100],"ix":3},"sk":{"a":0,"k":0,"ix":4},"p":{"a":0,"k":[2.75,90.75],"ix":2},"r":{"a":0,"k":0,"ix":6},"sa":{"a":0,"k":0,"ix":5},"o":{"a":1,"k":[{"o":{"x":0.333,"y":0},"i":{"x":0.667,"y":1},"s":[100],"t":39},{"o":{"x":0.333,"y":0},"i":{"x":0.667,"y":1},"s":[0],"t":57},{"o":{"x":0.333,"y":0},"i":{"x":0.667,"y":1},"s":[100],"t":85},{"o":{"x":0.333,"y":0},"i":{"x":0.667,"y":1},"s":[0],"t":119},{"o":{"x":0.333,"y":0},"i":{"x":0.667,"y":1},"s":[100],"t":153},{"s":[0],"t":188.000007657397}],"ix":7}}]}],"ind":8}],"v":"5.7.0","fr":29.9700012207031,"op":150.000006109625,"ip":0,"assets":[]}